Date,Open,High,Low,Close,Change (Pips)
"Sep 29, 2022 00:00",0.97588,0.98557,0.97474,0.97522,-6.6
"Sep 28, 2022 00:00",0.98896,0.9966,0.9746,0.97599,-129.7
"Sep 27, 2022 00:00",0.99392,0.99428,0.98488,0.99181,-21.1
"Sep 26, 2022 00:00",0.98224,0.9966,0.97892,0.99331,+110.7
"Sep 23, 2022 00:00",0.9769,0.98401,0.97558,0.98131,+44.1
"Sep 22, 2022 00:00",0.96572,0.98498,0.96205,0.97704,+113.2
"Sep 21, 2022 00:00",0.96397,0.96997,0.96201,0.96625,+22.8
"Sep 20, 2022 00:00",0.96408,0.96827,0.96235,0.96403,-0.5
"Sep 19, 2022 00:00",0.96293,0.96955,0.96256,0.96428,+13.5
"Sep 16, 2022 00:00",0.96123,0.96612,0.96001,0.96431,+30.8
"Sep 15, 2022 00:00",0.96138,0.96421,0.95564,0.96164,+2.6
"Sep 14, 2022 00:00",0.96117,0.96363,0.95889,0.96217,+10.0
"Sep 13, 2022 00:00",0.95291,0.96329,0.94797,0.96184,+89.3
"Sep 12, 2022 00:00",0.95873,0.96094,0.95087,0.9538,-49.3
"Sep 09, 2022 00:00",0.97009,0.97052,0.9547,0.96054,-95.5
"Sep 08, 2022 00:00",0.97672,0.97823,0.97017,0.97031,-64.1
"Sep 07, 2022 00:00",0.98207,0.98696,0.97611,0.97634,-57.3
"Sep 06, 2022 00:00",0.97903,0.98611,0.9765,0.98425,+52.2
"Sep 05, 2022 00:00",0.98146,0.98374,0.97931,0.97964,-18.2
"Sep 02, 2022 00:00",0.9812,0.98591,0.97838,0.98126,+0.6
"Sep 01, 2022 00:00",0.97597,0.98604,0.97438,0.98161,+56.4
"Aug 31, 2022 00:00",0.97343,0.98073,0.97268,0.97764,+42.1
"Aug 30, 2022 00:00",0.96819,0.97619,0.96653,0.97424,+60.5
"Aug 29, 2022 00:00",0.96531,0.97079,0.96511,0.96822,+29.1
"Aug 26, 2022 00:00",0.96238,0.96694,0.95777,0.96585,+34.7
"Aug 25, 2022 00:00",0.96558,0.96712,0.96131,0.96326,-23.2
"Aug 24, 2022 00:00",0.96334,0.96878,0.96076,0.96675,+34.1
"Aug 23, 2022 00:00",0.96411,0.96922,0.96027,0.96425,+1.4
"Aug 22, 2022 00:00",0.95764,0.96586,0.95738,0.9643,+66.6
"Aug 19, 2022 00:00",0.95512,0.95987,0.95511,0.95888,+37.6
"Aug 18, 2022 00:00",0.95147,0.95716,0.94978,0.95685,+53.8
"Aug 17, 2022 00:00",0.94948,0.95434,0.94826,0.95157,+20.9
"Aug 16, 2022 00:00",0.94619,0.95138,0.94491,0.94936,+31.7
"Aug 15, 2022 00:00",0.9402,0.94712,0.93987,0.9463,+61.0
"Aug 12, 2022 00:00",0.94104,0.94502,0.94073,0.94141,+3.7
"Aug 11, 2022 00:00",0.94266,0.94457,0.93704,0.94102,-16.4
"Aug 10, 2022 00:00",0.9533,0.95452,0.93936,0.94268,-106.2
"Aug 09, 2022 00:00",0.95448,0.95559,0.95111,0.95357,-9.1
"Aug 08, 2022 00:00",0.96075,0.96349,0.95219,0.95526,-54.9
"Aug 05, 2022 00:00",0.95414,0.96497,0.95373,0.96171,+75.7
"Aug 04, 2022 00:00",0.96006,0.96231,0.95438,0.95492,-51.4
"Aug 03, 2022 00:00",0.95724,0.96515,0.95422,0.96043,+31.9
"Aug 02, 2022 00:00",0.94902,0.95746,0.94701,0.95727,+82.5
"Aug 01, 2022 00:00",0.95163,0.95343,0.94818,0.94968,-19.5
"Jul 29, 2022 00:00",0.95428,0.95945,0.95019,0.95131,-29.7
"Jul 28, 2022 00:00",0.95917,0.9632,0.95444,0.95478,-43.9
"Jul 27, 2022 00:00",0.96206,0.96593,0.95838,0.95946,-26.0
"Jul 26, 2022 00:00",0.96315,0.96675,0.96156,0.96302,-1.3
"Jul 25, 2022 00:00",0.96215,0.96605,0.96059,0.96454,+23.9
"Jul 22, 2022 00:00",0.96657,0.97037,0.95995,0.9611,-54.7
"Jul 21, 2022 00:00",0.97044,0.97394,0.96646,0.96665,-37.9
"Jul 20, 2022 00:00",0.96727,0.97363,0.96649,0.97139,+41.2
"Jul 19, 2022 00:00",0.97685,0.97865,0.9654,0.96866,-81.9
"Jul 18, 2022 00:00",0.97618,0.97901,0.97309,0.97734,+11.6
"Jul 15, 2022 00:00",0.98273,0.98413,0.97639,0.97647,-62.6
"Jul 14, 2022 00:00",0.97735,0.98859,0.97727,0.9837,+63.5
"Jul 13, 2022 00:00",0.98227,0.98299,0.97553,0.97877,-35.0
"Jul 12, 2022 00:00",0.98176,0.98587,0.98039,0.98169,-0.7
"Jul 11, 2022 00:00",0.9759,0.98435,0.9757,0.98326,+73.6
"Jul 08, 2022 00:00",0.97198,0.97974,0.97198,0.97643,+44.5
"Jul 07, 2022 00:00",0.96962,0.97485,0.96816,0.97402,+44.0
"Jul 06, 2022 00:00",0.96748,0.97432,0.96711,0.9706,+31.2
"Jul 05, 2022 00:00",0.96088,0.97047,0.95927,0.96852,+76.4
"Jul 04, 2022 00:00",0.96025,0.96173,0.95604,0.96083,+5.8
"Jul 01, 2022 00:00",0.95495,0.96419,0.95385,0.95965,+47.0
"Jun 30, 2022 00:00",0.95467,0.96052,0.95294,0.95479,+1.2
"Jun 29, 2022 00:00",0.95574,0.95778,0.94948,0.95476,-9.8
"Jun 28, 2022 00:00",0.95576,0.95873,0.95335,0.95743,+16.7
"Jun 27, 2022 00:00",0.95669,0.96203,0.95433,0.95625,-4.4
"Jun 24, 2022 00:00",0.95901,0.96325,0.95217,0.95851,-5.0
"Jun 23, 2022 00:00",0.96047,0.96787,0.95673,0.96142,+9.5
"Jun 22, 2022 00:00",0.96524,0.96894,0.95806,0.96103,-42.1
"Jun 21, 2022 00:00",0.96769,0.96838,0.96321,0.96603,-16.6
"Jun 20, 2022 00:00",0.96946,0.9712,0.96215,0.96708,-23.8
"Jun 17, 2022 00:00",0.96627,0.97326,0.96199,0.9696,+33.3
"Jun 16, 2022 00:00",0.99367,0.99897,0.963,0.96663,-270.4
"Jun 15, 2022 00:00",1.00128,1.00498,0.9931,0.99403,-72.5
"Jun 14, 2022 00:00",0.99637,1.00372,0.98737,1.00149,+51.2
"Jun 13, 2022 00:00",0.98751,0.99941,0.9871,0.99694,+94.3
"Jun 10, 2022 00:00",0.97975,0.98981,0.97658,0.98728,+75.3
"Jun 09, 2022 00:00",0.97844,0.98174,0.97244,0.98013,+16.9
"Jun 08, 2022 00:00",0.97253,0.97888,0.97171,0.97841,+58.8
"Jun 07, 2022 00:00",0.96995,0.97788,0.96995,0.97267,+27.2
"Jun 06, 2022 00:00",0.96175,0.97146,0.96056,0.97082,+90.7
"Jun 03, 2022 00:00",0.95748,0.96426,0.95564,0.96285,+53.7
"Jun 02, 2022 00:00",0.96233,0.96368,0.95747,0.95777,-45.6
"Jun 01, 2022 00:00",0.95892,0.96586,0.9577,0.96324,+43.2
"May 31, 2022 00:00",0.95637,0.96203,0.95607,0.95944,+30.7
"May 30, 2022 00:00",0.95527,0.9606,0.95527,0.95718,+19.1
"May 27, 2022 00:00",0.95917,0.9603,0.95451,0.95725,-19.2
"May 26, 2022 00:00",0.96144,0.96325,0.95826,0.95873,-27.1
"May 25, 2022 00:00",0.95907,0.96425,0.95907,0.96208,+30.1
"May 24, 2022 00:00",0.96549,0.967,0.95737,0.96057,-49.2
"May 23, 2022 00:00",0.97414,0.97509,0.96274,0.96547,-86.7
"May 20, 2022 00:00",0.9718,0.9764,0.96943,0.97456,+27.6
"May 19, 2022 00:00",0.98786,0.98872,0.96969,0.97292,-149.4
"May 18, 2022 00:00",0.99316,0.99845,0.98604,0.98831,-48.5
"May 17, 2022 00:00",1.00162,1.0024,0.99184,0.99362,-80.0
"May 16, 2022 00:00",1.00112,1.00642,1.00073,1.00186,+7.4
"May 13, 2022 00:00",1.00261,1.00472,0.99922,1.00193,-6.8
"May 12, 2022 00:00",0.99419,1.00492,0.99286,1.00298,+87.9
"May 11, 2022 00:00",0.99558,0.99643,0.98722,0.99392,-16.6
"May 10, 2022 00:00",0.99377,0.99753,0.9906,0.99554,+17.7
"May 09, 2022 00:00",0.98644,0.99658,0.98644,0.99392,+74.8
"May 06, 2022 00:00",0.9841,0.98924,0.98275,0.98851,+44.1
"May 05, 2022 00:00",0.97208,0.98899,0.97096,0.98497,+128.9
"May 04, 2022 00:00",0.97756,0.98505,0.9721,0.97219,-53.7
"May 03, 2022 00:00",0.97773,0.97993,0.97202,0.97888,+11.5
"May 02, 2022 00:00",0.97024,0.97894,0.97024,0.97763,+73.9
"Apr 29, 2022 00:00",0.97186,0.97367,0.96712,0.97344,+15.8
"Apr 28, 2022 00:00",0.96859,0.97592,0.96676,0.9719,+33.1
"Apr 27, 2022 00:00",0.96219,0.97009,0.96149,0.96899,+68.0
"Apr 26, 2022 00:00",0.95927,0.96266,0.95646,0.96249,+32.2
"Apr 25, 2022 00:00",0.95635,0.95972,0.95469,0.95958,+32.3
"Apr 22, 2022 00:00",0.95301,0.95928,0.95285,0.95667,+36.6
"Apr 21, 2022 00:00",0.94849,0.95531,0.94569,0.95343,+49.4
"Apr 20, 2022 00:00",0.95187,0.9536,0.94544,0.9484,-34.7
"Apr 19, 2022 00:00",0.94381,0.95239,0.9431,0.95223,+84.2
"Apr 18, 2022 00:00",0.9419,0.94537,0.94163,0.94485,+29.5
"Apr 15, 2022 00:00",0.94221,0.94429,0.94117,0.94269,+4.8
"Apr 14, 2022 00:00",0.93313,0.94337,0.93243,0.94255,+94.2
"Apr 13, 2022 00:00",0.93267,0.93564,0.93141,0.93479,+21.2
"Apr 12, 2022 00:00",0.93081,0.93451,0.92866,0.93277,+19.6
"Apr 11, 2022 00:00",0.9311,0.9372,0.93037,0.93115,+0.5
"Apr 08, 2022 00:00",0.93375,0.93738,0.93272,0.93409,+3.4
"Apr 07, 2022 00:00",0.93302,0.93477,0.93133,0.93412,+11.0
"Apr 06, 2022 00:00",0.92929,0.935,0.92908,0.93326,+39.7
"Apr 05, 2022 00:00",0.92621,0.92979,0.92372,0.92937,+31.6
"Apr 04, 2022 00:00",0.92548,0.92809,0.92449,0.92642,+9.4
"Apr 01, 2022 00:00",0.92052,0.92801,0.91957,0.92568,+51.6
"Mar 31, 2022 00:00",0.92292,0.9259,0.9195,0.92273,-1.9
"Mar 30, 2022 00:00",0.93066,0.93134,0.92201,0.92323,-74.3
"Mar 29, 2022 00:00",0.93337,0.93741,0.92977,0.93089,-24.8
"Mar 28, 2022 00:00",0.9302,0.93812,0.92993,0.93443,+42.3
"Mar 25, 2022 00:00",0.93011,0.93135,0.92601,0.93027,+1.6
"Mar 24, 2022 00:00",0.9305,0.93448,0.92961,0.93018,-3.2
"Mar 23, 2022 00:00",0.93279,0.93574,0.9301,0.93057,-22.2
"Mar 22, 2022 00:00",0.93353,0.93755,0.93139,0.93277,-7.6
"Mar 21, 2022 00:00",0.93147,0.93524,0.92942,0.93363,+21.6
"Mar 18, 2022 00:00",0.9368,0.93827,0.93141,0.93159,-52.1
"Mar 17, 2022 00:00",0.94037,0.943,0.93359,0.93695,-34.2
"Mar 16, 2022 00:00",0.94073,0.946,0.939,0.94075,+0.2
"Mar 15, 2022 00:00",0.9385,0.94314,0.93717,0.94119,+26.9
"Mar 14, 2022 00:00",0.93388,0.93869,0.93198,0.93854,+46.6
"Mar 11, 2022 00:00",0.92911,0.93498,0.92895,0.93487,+57.6
"Mar 10, 2022 00:00",0.92626,0.93089,0.92547,0.93014,+38.8
"Mar 09, 2022 00:00",0.9289,0.93029,0.92503,0.9265,-24.0
"Mar 08, 2022 00:00",0.92544,0.9307,0.92489,0.92929,+38.5
"Mar 07, 2022 00:00",0.91634,0.92721,0.91634,0.92534,+90.0
"Mar 04, 2022 00:00",0.91706,0.92101,0.91628,0.91684,-2.2
"Mar 03, 2022 00:00",0.92011,0.92165,0.91726,0.91731,-28.0
"Mar 02, 2022 00:00",0.91829,0.92396,0.91664,0.92013,+18.4
"Mar 01, 2022 00:00",0.91655,0.92054,0.91498,0.91863,+20.8
"Feb 28, 2022 00:00",0.92652,0.92779,0.91662,0.91686,-96.6
"Feb 25, 2022 00:00",0.92507,0.92842,0.92288,0.92538,+3.1
"Feb 24, 2022 00:00",0.91788,0.9289,0.91726,0.92548,+76.0
"Feb 23, 2022 00:00",0.92139,0.92185,0.91681,0.91821,-31.8
"Feb 22, 2022 00:00",0.91576,0.92277,0.91511,0.92168,+59.2
"Feb 21, 2022 00:00",0.9204,0.92217,0.915,0.91575,-46.5
"Feb 18, 2022 00:00",0.91975,0.92184,0.91914,0.92117,+14.2
"Feb 17, 2022 00:00",0.922,0.92289,0.91882,0.92013,-18.7
"Feb 16, 2022 00:00",0.92495,0.92609,0.92061,0.92213,-28.2
"Feb 15, 2022 00:00",0.92409,0.92742,0.92267,0.92534,+12.5
"Feb 14, 2022 00:00",0.92435,0.92723,0.92376,0.92453,+1.8
"Feb 11, 2022 00:00",0.92442,0.92868,0.92375,0.92422,-2.0
"Feb 10, 2022 00:00",0.92423,0.92967,0.92264,0.92525,+10.2
"Feb 09, 2022 00:00",0.92473,0.92543,0.92219,0.92413,-6.0
"Feb 08, 2022 00:00",0.92358,0.92631,0.9226,0.92513,+15.5
"Feb 07, 2022 00:00",0.92415,0.92618,0.92215,0.92351,-6.4
"Feb 04, 2022 00:00",0.91981,0.92589,0.91931,0.92551,+57.0
"Feb 03, 2022 00:00",0.91856,0.92354,0.91767,0.92014,+15.8
"Feb 02, 2022 00:00",0.92118,0.92225,0.91781,0.919,-21.8
"Feb 01, 2022 00:00",0.92685,0.9277,0.92041,0.92095,-59.0
"Jan 31, 2022 00:00",0.92953,0.93427,0.92513,0.92691,-26.2
"Jan 28, 2022 00:00",0.93057,0.93293,0.92897,0.93096,+3.9
"Jan 27, 2022 00:00",0.92146,0.93379,0.92146,0.93096,+95.0
"Jan 26, 2022 00:00",0.91775,0.92463,0.91656,0.92422,+64.7
"Jan 25, 2022 00:00",0.91372,0.92037,0.91266,0.91813,+44.1
"Jan 24, 2022 00:00",0.91101,0.91586,0.91086,0.91406,+30.5
"Jan 21, 2022 00:00",0.9168,0.9172,0.91076,0.91198,-48.2
"Jan 20, 2022 00:00",0.91565,0.9181,0.91391,0.91714,+14.9
"Jan 19, 2022 00:00",0.91727,0.91777,0.91449,0.91576,-15.1
"Jan 18, 2022 00:00",0.91374,0.91795,0.9132,0.91732,+35.8
"Jan 17, 2022 00:00",0.91168,0.91586,0.91158,0.91407,+23.9
"Jan 14, 2022 00:00",0.91101,0.91419,0.90946,0.91381,+28.0
"Jan 13, 2022 00:00",0.91418,0.91479,0.90914,0.91104,-31.4
"Jan 12, 2022 00:00",0.92308,0.92442,0.913,0.91409,-89.9
"Jan 11, 2022 00:00",0.92709,0.92777,0.92325,0.92348,-36.1
"Jan 10, 2022 00:00",0.91814,0.92755,0.91814,0.92717,+90.3
"Jan 07, 2022 00:00",0.92116,0.92323,0.9182,0.91835,-28.1
"Jan 06, 2022 00:00",0.9157,0.92244,0.91512,0.92122,+55.2
"Jan 05, 2022 00:00",0.9144,0.91831,0.9141,0.91727,+28.7
"Jan 04, 2022 00:00",0.91854,0.91931,0.91368,0.91598,-25.6
"Jan 03, 2022 00:00",0.91043,0.92002,0.91043,0.91886,+84.3
"Dec 31, 2021 00:00",0.91325,0.91477,0.91018,0.9118,-14.5
"Dec 30, 2021 00:00",0.91442,0.91814,0.91319,0.91367,-7.5
"Dec 29, 2021 00:00",0.91734,0.92014,0.91267,0.91468,-26.6
"Dec 28, 2021 00:00",0.91734,0.91904,0.91594,0.91725,-0.9
"Dec 27, 2021 00:00",0.91837,0.92004,0.91724,0.91754,-8.3
"Dec 24, 2021 00:00",0.91772,0.91972,0.91653,0.91762,-1.0
"Dec 23, 2021 00:00",0.91949,0.92192,0.91754,0.9181,-13.9
"Dec 22, 2021 00:00",0.92304,0.92523,0.919,0.91949,-35.5
"Dec 21, 2021 00:00",0.92096,0.92541,0.91951,0.92333,+23.7
"Dec 20, 2021 00:00",0.92399,0.92508,0.91923,0.92136,-26.3
"Dec 17, 2021 00:00",0.91902,0.92457,0.91743,0.92418,+51.6
"Dec 16, 2021 00:00",0.92437,0.92565,0.91894,0.91933,-50.4
"Dec 15, 2021 00:00",0.92355,0.92944,0.92228,0.92438,+8.3
"Dec 14, 2021 00:00",0.92245,0.92448,0.91881,0.9241,+16.5
"Dec 13, 2021 00:00",0.92042,0.92564,0.9196,0.92235,+19.3
"Dec 10, 2021 00:00",0.92339,0.92529,0.91991,0.92058,-28.1
"Dec 09, 2021 00:00",0.92015,0.92646,0.91842,0.92369,+35.4
"Dec 08, 2021 00:00",0.92476,0.92552,0.91952,0.92047,-42.9
"Dec 07, 2021 00:00",0.92516,0.92754,0.9231,0.92486,-3.0
"Dec 06, 2021 00:00",0.91699,0.92688,0.91678,0.92551,+85.2
"Dec 03, 2021 00:00",0.92014,0.92176,0.91654,0.91788,-22.6
"Dec 02, 2021 00:00",0.91854,0.92218,0.91782,0.92022,+16.8
"Dec 01, 2021 00:00",0.91836,0.92177,0.91691,0.92045,+20.9
"Nov 30, 2021 00:00",0.92267,0.92666,0.91574,0.91831,-43.6
"Nov 29, 2021 00:00",0.92261,0.92731,0.9217,0.92282,+2.1
"Nov 26, 2021 00:00",0.93587,0.93597,0.92126,0.9229,-129.7
"Nov 25, 2021 00:00",0.93399,0.93617,0.93244,0.93561,+16.2
"Nov 24, 2021 00:00",0.93292,0.93733,0.93134,0.93391,+9.9
"Nov 23, 2021 00:00",0.93322,0.93439,0.93011,0.93318,-0.4
"Nov 22, 2021 00:00",0.92768,0.93347,0.92662,0.93322,+55.4
"Nov 19, 2021 00:00",0.92549,0.92905,0.92437,0.92885,+33.6
"Nov 18, 2021 00:00",0.92805,0.92921,0.9251,0.92553,-25.2
"Nov 17, 2021 00:00",0.92979,0.93296,0.92757,0.92811,-16.8
"Nov 16, 2021 00:00",0.92501,0.93116,0.9237,0.93017,+51.6
"Nov 15, 2021 00:00",0.92027,0.92571,0.91871,0.92512,+48.5
"Nov 12, 2021 00:00",0.92059,0.92381,0.92024,0.92122,+6.3
"Nov 11, 2021 00:00",0.91788,0.92243,0.91693,0.92091,+30.3
"Nov 10, 2021 00:00",0.91098,0.91859,0.91017,0.91822,+72.4
"Nov 09, 2021 00:00",0.9132,0.9154,0.91019,0.91106,-21.4
"Nov 08, 2021 00:00",0.91213,0.9158,0.91176,0.91355,+14.2
"Nov 05, 2021 00:00",0.91239,0.91748,0.91124,0.91208,-3.1
"Nov 04, 2021 00:00",0.91172,0.91451,0.91115,0.91243,+7.1
"Nov 03, 2021 00:00",0.9145,0.91507,0.91046,0.91166,-28.4
"Nov 02, 2021 00:00",0.90893,0.91501,0.90847,0.91452,+55.9
"Nov 01, 2021 00:00",0.91557,0.91717,0.90884,0.90917,-64.0
"Oct 29, 2021 00:00",0.91151,0.91756,0.91021,0.91503,+35.2
"Oct 28, 2021 00:00",0.918,0.91946,0.91152,0.91191,-60.9
"Oct 27, 2021 00:00",0.9196,0.92036,0.91644,0.91803,-15.7
"Oct 26, 2021 00:00",0.91973,0.92263,0.9179,0.91974,+0.1
"Oct 25, 2021 00:00",0.91483,0.92026,0.91483,0.91983,+50.0
"Oct 22, 2021 00:00",0.91821,0.91858,0.91512,0.91603,-21.8
"Oct 21, 2021 00:00",0.91865,0.92062,0.91702,0.9182,-4.5
"Oct 20, 2021 00:00",0.9229,0.92521,0.91859,0.9188,-41.0
"Oct 19, 2021 00:00",0.92374,0.92393,0.9185,0.92295,-7.9
"Oct 18, 2021 00:00",0.92399,0.9273,0.92231,0.92378,-2.1
"Oct 15, 2021 00:00",0.92337,0.92641,0.92213,0.92305,-3.2
"Oct 14, 2021 00:00",0.92388,0.92444,0.91946,0.92367,-2.1
"Oct 13, 2021 00:00",0.93003,0.93084,0.92355,0.92386,-61.7
"Oct 12, 2021 00:00",0.92762,0.93131,0.92569,0.93064,+30.2
"Oct 11, 2021 00:00",0.92658,0.92878,0.92499,0.92761,+10.3
"Oct 08, 2021 00:00",0.9273,0.93056,0.92592,0.92711,-1.9
"Oct 07, 2021 00:00",0.92726,0.9292,0.92526,0.9289,+16.4
"Oct 06, 2021 00:00",0.92783,0.93074,0.92711,0.92724,-5.9
"Oct 05, 2021 00:00",0.92443,0.92879,0.92381,0.92816,+37.3
"Oct 04, 2021 00:00",0.92917,0.93111,0.92306,0.92452,-46.5
"Oct 01, 2021 00:00",0.93159,0.93373,0.92812,0.93043,-11.6
"Sep 30, 2021 00:00",0.93306,0.93682,0.93145,0.93157,-14.9
"Sep 29, 2021 00:00",0.92921,0.93552,0.92766,0.93452,+53.1
"Sep 28, 2021 00:00",0.92572,0.93017,0.92504,0.92928,+35.6
"Sep 27, 2021 00:00",0.92384,0.92909,0.92364,0.92577,+19.3
"Sep 24, 2021 00:00",0.92419,0.92606,0.9222,0.92434,+1.5
"Sep 23, 2021 00:00",0.92635,0.92736,0.92171,0.92459,-17.6
"Sep 22, 2021 00:00",0.92351,0.92729,0.92156,0.92643,+29.2
"Sep 21, 2021 00:00",0.92739,0.92833,0.92251,0.9235,-38.9
"Sep 20, 2021 00:00",0.93152,0.9333,0.92709,0.92775,-37.7
"Sep 17, 2021 00:00",0.92752,0.93248,0.92597,0.93221,+46.9
"Sep 16, 2021 00:00",0.9195,0.92778,0.91874,0.92767,+81.7
"Sep 15, 2021 00:00",0.92,0.92053,0.91636,0.91973,-2.7
"Sep 14, 2021 00:00",0.92192,0.9228,0.91812,0.92005,-18.7
"Sep 13, 2021 00:00",0.91728,0.92412,0.917,0.92218,+49.0
"Sep 10, 2021 00:00",0.91661,0.91848,0.91502,0.91808,+14.7
"Sep 09, 2021 00:00",0.92171,0.92231,0.91608,0.91659,-51.2
"Sep 08, 2021 00:00",0.91958,0.92349,0.91825,0.92211,+25.3
"Sep 07, 2021 00:00",0.91472,0.9199,0.91326,0.91947,+47.5
"Sep 06, 2021 00:00",0.91277,0.91684,0.91251,0.91478,+20.1
"Sep 03, 2021 00:00",0.91416,0.91596,0.91154,0.91393,-2.3
"Sep 02, 2021 00:00",0.91528,0.91681,0.91403,0.91427,-10.1
"Sep 01, 2021 00:00",0.91481,0.91893,0.9139,0.91561,+8.0
"Aug 31, 2021 00:00",0.91718,0.91733,0.91144,0.91515,-20.3
"Aug 30, 2021 00:00",0.9105,0.91855,0.91015,0.91726,+67.6
"Aug 27, 2021 00:00",0.91742,0.91994,0.91058,0.91102,-64.0
"Aug 26, 2021 00:00",0.91372,0.91922,0.91204,0.91791,+41.9
"Aug 25, 2021 00:00",0.91158,0.91577,0.91154,0.91371,+21.3
"Aug 24, 2021 00:00",0.91235,0.91391,0.91102,0.91279,+4.4
"Aug 23, 2021 00:00",0.91573,0.91779,0.91223,0.91234,-33.9
"Aug 20, 2021 00:00",0.91673,0.91897,0.91585,0.91688,+1.5
"Aug 19, 2021 00:00",0.9169,0.92069,0.91454,0.91866,+17.6
"Aug 18, 2021 00:00",0.91482,0.91964,0.91212,0.91693,+21.1
"Aug 17, 2021 00:00",0.91178,0.91512,0.90997,0.91482,+30.4
"Aug 16, 2021 00:00",0.91513,0.91637,0.91092,0.91246,-26.7
"Aug 13, 2021 00:00",0.92316,0.92391,0.91513,0.91528,-78.8
"Aug 12, 2021 00:00",0.92195,0.92394,0.92086,0.92343,+14.8
"Aug 11, 2021 00:00",0.92286,0.92423,0.92027,0.92178,-10.8
"Aug 10, 2021 00:00",0.91912,0.92341,0.91875,0.92281,+36.9
"Aug 09, 2021 00:00",0.914,0.92072,0.91339,0.92058,+65.8
"Aug 06, 2021 00:00",0.90672,0.91565,0.90604,0.91505,+83.3
"Aug 05, 2021 00:00",0.90638,0.9078,0.90514,0.9067,+3.2
"Aug 04, 2021 00:00",0.90371,0.90758,0.9018,0.90632,+26.1
"Aug 03, 2021 00:00",0.90532,0.90576,0.9023,0.90407,-12.5
"Aug 02, 2021 00:00",0.90521,0.90671,0.90371,0.90508,-1.3
"Jul 30, 2021 00:00",0.90606,0.90755,0.90394,0.90511,-9.5
"Jul 29, 2021 00:00",0.91001,0.91009,0.90545,0.90612,-38.9
"Jul 28, 2021 00:00",0.91421,0.91673,0.90997,0.91005,-41.6
"Jul 27, 2021 00:00",0.91553,0.91866,0.91293,0.91456,-9.7
"Jul 26, 2021 00:00",0.91916,0.92025,0.91487,0.91575,-34.1
"Jul 23, 2021 00:00",0.9187,0.92218,0.91864,0.91964,+9.4
"Jul 22, 2021 00:00",0.9175,0.92017,0.91549,0.91897,+14.7
"Jul 21, 2021 00:00",0.92135,0.92308,0.91693,0.91754,-38.1
"Jul 20, 2021 00:00",0.91753,0.92328,0.91663,0.92132,+37.9
"Jul 19, 2021 00:00",0.91912,0.92214,0.91629,0.91789,-12.3
"Jul 16, 2021 00:00",0.91767,0.92034,0.9168,0.91939,+17.2
"Jul 15, 2021 00:00",0.91469,0.91932,0.91178,0.91767,+29.8
"Jul 14, 2021 00:00",0.91835,0.91988,0.91422,0.91433,-40.2
"Jul 13, 2021 00:00",0.91503,0.92004,0.91431,0.91869,+36.6
"Jul 12, 2021 00:00",0.9137,0.91709,0.91319,0.91504,+13.4
"Jul 09, 2021 00:00",0.91484,0.91756,0.91361,0.91374,-11.0
"Jul 08, 2021 00:00",0.92418,0.92613,0.91335,0.91495,-92.3
"Jul 07, 2021 00:00",0.92302,0.92676,0.92228,0.92561,+25.9
"Jul 06, 2021 00:00",0.92131,0.92516,0.91937,0.92454,+32.3
"Jul 05, 2021 00:00",0.92168,0.92326,0.92034,0.92154,-1.4
"Jul 02, 2021 00:00",0.92445,0.92747,0.92004,0.92069,-37.6
"Jul 01, 2021 00:00",0.92496,0.92717,0.92359,0.92539,+4.3
"Jun 30, 2021 00:00",0.92077,0.92624,0.92036,0.92511,+43.4
"Jun 29, 2021 00:00",0.91935,0.92333,0.91899,0.92119,+18.4
"Jun 28, 2021 00:00",0.91756,0.92146,0.91625,0.91974,+21.8
"Jun 25, 2021 00:00",0.91752,0.91828,0.91424,0.91674,-7.8
"Jun 24, 2021 00:00",0.91856,0.92,0.91737,0.91796,-6.0
"Jun 23, 2021 00:00",0.91779,0.91999,0.91544,0.91822,+4.3
"Jun 22, 2021 00:00",0.91754,0.92128,0.91731,0.91819,+6.5
"Jun 21, 2021 00:00",0.92193,0.92369,0.91755,0.918,-39.3
"Jun 18, 2021 00:00",0.9178,0.92391,0.91582,0.92337,+55.7
"Jun 17, 2021 00:00",0.90859,0.91881,0.9076,0.9178,+92.1
"Jun 16, 2021 00:00",0.89737,0.90884,0.89736,0.90856,+111.9
"Jun 15, 2021 00:00",0.89946,0.90077,0.89655,0.89843,-10.3
"Jun 14, 2021 00:00",0.89766,0.90013,0.89766,0.89943,+17.7
"Jun 11, 2021 00:00",0.89423,0.89999,0.89327,0.89807,+38.4
"Jun 10, 2021 00:00",0.89498,0.89928,0.89403,0.89449,-4.9
"Jun 09, 2021 00:00",0.89669,0.89716,0.89264,0.89584,-8.5
"Jun 08, 2021 00:00",0.89749,0.89891,0.89518,0.89676,-7.3
"Jun 07, 2021 00:00",0.89869,0.90104,0.89675,0.89751,-11.8
"Jun 04, 2021 00:00",0.90342,0.90538,0.89822,0.89911,-43.1
"Jun 03, 2021 00:00",0.89769,0.90517,0.89755,0.90347,+57.8
"Jun 02, 2021 00:00",0.89583,0.90246,0.89583,0.89794,+21.1
"Jun 01, 2021 00:00",0.89862,0.89983,0.89467,0.89728,-13.4
"May 31, 2021 00:00",0.89939,0.90127,0.89841,0.89865,-7.4
"May 28, 2021 00:00",0.89653,0.90294,0.89638,0.90014,+36.1
"May 27, 2021 00:00",0.8969,0.90085,0.89589,0.89687,-0.3
"May 26, 2021 00:00",0.89464,0.89874,0.89418,0.89786,+32.2
"May 25, 2021 00:00",0.89618,0.89748,0.89309,0.89512,-10.6
"May 24, 2021 00:00",0.89759,0.90026,0.89569,0.89687,-7.2
"May 21, 2021 00:00",0.89704,0.90008,0.8954,0.89774,+7.0
"May 20, 2021 00:00",0.9036,0.90469,0.89727,0.89733,-62.7
"May 19, 2021 00:00",0.89744,0.90475,0.89678,0.90353,+60.9
"May 18, 2021 00:00",0.90298,0.90347,0.89601,0.89763,-53.5
"May 17, 2021 00:00",0.90137,0.90326,0.9002,0.90314,+17.7
"May 14, 2021 00:00",0.90587,0.9064,0.90127,0.90164,-42.3
"May 13, 2021 00:00",0.90896,0.90933,0.90511,0.90581,-31.5
"May 12, 2021 00:00",0.90345,0.90938,0.90234,0.90899,+55.4
"May 11, 2021 00:00",0.90093,0.90391,0.90011,0.90355,+26.2
"May 10, 2021 00:00",0.89977,0.90189,0.89854,0.90127,+15.0
"May 07, 2021 00:00",0.90703,0.90937,0.90042,0.90057,-64.6
"May 06, 2021 00:00",0.91248,0.91452,0.90705,0.90743,-50.5
"May 05, 2021 00:00",0.91341,0.91645,0.91212,0.91296,-4.5
"May 04, 2021 00:00",0.91031,0.91605,0.90998,0.91328,+29.7
"May 03, 2021 00:00",0.91155,0.91476,0.90929,0.91115,-4.0
"Apr 30, 2021 00:00",0.90804,0.91404,0.90803,0.91299,+49.5
"Apr 29, 2021 00:00",0.90974,0.91191,0.90797,0.90891,-8.3
"Apr 28, 2021 00:00",0.91287,0.91814,0.90882,0.90928,-35.9
"Apr 27, 2021 00:00",0.91367,0.91717,0.91232,0.91361,-0.6
"Apr 26, 2021 00:00",0.91299,0.91658,0.91214,0.91426,+12.7
"Apr 23, 2021 00:00",0.9173,0.91814,0.91281,0.91364,-36.6
"Apr 22, 2021 00:00",0.91644,0.91911,0.91433,0.9169,+4.6
"Apr 21, 2021 00:00",0.91593,0.91954,0.91488,0.91691,+9.8
"Apr 20, 2021 00:00",0.91399,0.91699,0.91353,0.91565,+16.6
"Apr 19, 2021 00:00",0.91892,0.92154,0.91291,0.91531,-36.1
"Apr 16, 2021 00:00",0.92305,0.9235,0.91793,0.91988,-31.7
"Apr 15, 2021 00:00",0.92214,0.92457,0.92062,0.92222,+0.8
"Apr 14, 2021 00:00",0.92057,0.92344,0.91869,0.92292,+23.5
"Apr 13, 2021 00:00",0.92239,0.92597,0.91978,0.92061,-17.8
"Apr 12, 2021 00:00",0.92466,0.92685,0.92128,0.92211,-25.5
"Apr 09, 2021 00:00",0.92428,0.92814,0.9235,0.92448,+2.0
"Apr 08, 2021 00:00",0.92994,0.93028,0.92323,0.92416,-57.8
"Apr 07, 2021 00:00",0.93084,0.93163,0.92682,0.92953,-13.1
"Apr 06, 2021 00:00",0.93613,0.93958,0.93025,0.93076,-53.7
"Apr 05, 2021 00:00",0.94239,0.9439,0.9354,0.93623,-61.6
"Apr 02, 2021 00:00",0.94151,0.94344,0.94051,0.94177,+2.6
"Apr 01, 2021 00:00",0.94338,0.94729,0.94049,0.94178,-16.0
"Mar 31, 2021 00:00",0.94163,0.94585,0.94039,0.94378,+21.5
"Mar 30, 2021 00:00",0.93915,0.94387,0.93709,0.94208,+29.3
"Mar 29, 2021 00:00",0.93821,0.94045,0.93701,0.9393,+10.9
"Mar 26, 2021 00:00",0.93955,0.94178,0.93824,0.93871,-8.4
"Mar 25, 2021 00:00",0.93561,0.94023,0.93497,0.94021,+46.0
"Mar 24, 2021 00:00",0.93386,0.93696,0.93371,0.93556,+17.0
"Mar 23, 2021 00:00",0.92307,0.93467,0.92276,0.93386,+107.9
"Mar 22, 2021 00:00",0.92943,0.93097,0.92224,0.92328,-61.5
"Mar 19, 2021 00:00",0.92686,0.93203,0.92504,0.92922,+23.6
"Mar 18, 2021 00:00",0.92259,0.93051,0.92186,0.92738,+47.9
"Mar 17, 2021 00:00",0.9245,0.9296,0.92135,0.92251,-19.9
"Mar 16, 2021 00:00",0.92794,0.92874,0.92426,0.9247,-32.4
"Mar 15, 2021 00:00",0.92821,0.93125,0.92669,0.92734,-8.7
"Mar 12, 2021 00:00",0.92417,0.93248,0.92336,0.92909,+49.2
"Mar 11, 2021 00:00",0.92948,0.93097,0.92341,0.92457,-49.1
"Mar 10, 2021 00:00",0.92764,0.93233,0.92684,0.92966,+20.2
"Mar 09, 2021 00:00",0.9357,0.93756,0.92778,0.92779,-79.1
"Mar 08, 2021 00:00",0.9278,0.93699,0.92739,0.93679,+89.9
"Mar 05, 2021 00:00",0.92865,0.93192,0.92577,0.93126,+26.1
"Mar 04, 2021 00:00",0.91977,0.92977,0.91875,0.92879,+90.2
"Mar 03, 2021 00:00",0.91432,0.91996,0.91402,0.91995,+56.3
"Mar 02, 2021 00:00",0.91509,0.91936,0.91303,0.91446,-6.3
"Mar 01, 2021 00:00",0.90821,0.91594,0.9071,0.91483,+66.2
"Feb 26, 2021 00:00",0.90472,0.91018,0.90268,0.90863,+39.1
"Feb 25, 2021 00:00",0.90636,0.90816,0.90285,0.9048,-15.6
"Feb 24, 2021 00:00",0.90504,0.90948,0.90354,0.90657,+15.3
"Feb 23, 2021 00:00",0.89571,0.90573,0.89486,0.90522,+95.1
"Feb 22, 2021 00:00",0.89628,0.90239,0.89487,0.89605,-2.3
"Feb 19, 2021 00:00",0.89578,0.89729,0.89341,0.89658,+8.0
"Feb 18, 2021 00:00",0.89808,0.89953,0.8957,0.89589,-21.9
"Feb 17, 2021 00:00",0.89201,0.89921,0.89161,0.89877,+67.6
"Feb 16, 2021 00:00",0.89013,0.89301,0.88712,0.89276,+26.3
"Feb 15, 2021 00:00",0.89042,0.8925,0.88974,0.89017,-2.5
"Feb 12, 2021 00:00",0.89005,0.89402,0.88956,0.89193,+18.8
"Feb 11, 2021 00:00",0.88983,0.89104,0.8892,0.88992,+0.9
"Feb 10, 2021 00:00",0.89229,0.89317,0.88906,0.89026,-20.3
"Feb 09, 2021 00:00",0.89822,0.89909,0.89196,0.89224,-59.8
"Feb 08, 2021 00:00",0.899,0.90197,0.89823,0.89897,-0.3
"Feb 05, 2021 00:00",0.90401,0.9046,0.89889,0.89897,-50.4
"Feb 04, 2021 00:00",0.89899,0.90447,0.89839,0.9044,+54.1
"Feb 03, 2021 00:00",0.89729,0.90028,0.89705,0.89902,+17.3
"Feb 02, 2021 00:00",0.89679,0.89953,0.89472,0.89744,+6.5
"Feb 01, 2021 00:00",0.88984,0.89724,0.88948,0.89702,+71.8
"Jan 29, 2021 00:00",0.88853,0.89119,0.88744,0.89089,+23.6
"Jan 28, 2021 00:00",0.88831,0.89186,0.88697,0.8886,+2.9
"Jan 27, 2021 00:00",0.88648,0.89173,0.88612,0.88851,+20.3
"Jan 26, 2021 00:00",0.88833,0.8896,0.88607,0.88674,-15.9
"Jan 25, 2021 00:00",0.88496,0.88928,0.8839,0.88813,+31.7
"Jan 22, 2021 00:00",0.88501,0.88661,0.88383,0.88515,+1.4
"Jan 21, 2021 00:00",0.88938,0.89003,0.88478,0.88516,-42.2
"Jan 20, 2021 00:00",0.88846,0.89207,0.88671,0.8897,+12.4
"Jan 19, 2021 00:00",0.89041,0.89165,0.88641,0.88858,-18.3
"Jan 18, 2021 00:00",0.89008,0.89257,0.88927,0.89057,+4.9
"Jan 15, 2021 00:00",0.88815,0.8915,0.88693,0.8913,+31.5
"Jan 14, 2021 00:00",0.88769,0.89172,0.88557,0.8881,+4.1
"Jan 13, 2021 00:00",0.88625,0.88892,0.88493,0.88754,+12.9
"Jan 12, 2021 00:00",0.89023,0.89162,0.88608,0.88645,-37.8
"Jan 11, 2021 00:00",0.88541,0.89204,0.88448,0.89036,+49.5
"Jan 08, 2021 00:00",0.88486,0.88845,0.88223,0.88525,+3.9
"Jan 07, 2021 00:00",0.87879,0.8861,0.87747,0.8854,+66.1
"Jan 06, 2021 00:00",0.87825,0.88213,0.87574,0.8784,+1.5
"Jan 05, 2021 00:00",0.88129,0.88166,0.87756,0.87828,-30.1
"Jan 04, 2021 00:00",0.88296,0.88454,0.87844,0.88095,-20.1
"Dec 31, 2020 00:00",0.88125,0.88586,0.87937,0.88484,+35.9
"Dec 30, 2020 00:00",0.88389,0.88548,0.88118,0.88138,-25.1
"Dec 29, 2020 00:00",0.8892,0.88931,0.88303,0.88401,-51.9
"Dec 28, 2020 00:00",0.88884,0.89186,0.88757,0.88864,-2.0
"Dec 24, 2020 00:00",0.88813,0.89186,0.88688,0.891,+28.7
"Dec 23, 2020 00:00",0.88965,0.89112,0.88676,0.8882,-14.5
"Dec 22, 2020 00:00",0.88564,0.89045,0.88449,0.88935,+37.1
"Dec 21, 2020 00:00",0.88464,0.89194,0.88397,0.88565,+10.1
"Dec 18, 2020 00:00",0.88441,0.88678,0.88251,0.88313,-12.8
"Dec 17, 2020 00:00",0.88452,0.88577,0.88219,0.88406,-4.6
"Dec 16, 2020 00:00",0.88558,0.88922,0.88257,0.88499,-5.9
"Dec 15, 2020 00:00",0.88618,0.88805,0.88499,0.88561,-5.7
"Dec 14, 2020 00:00",0.88829,0.88957,0.885,0.88691,-13.8
"Dec 11, 2020 00:00",0.88545,0.89089,0.8851,0.88947,+40.2
"Dec 10, 2020 00:00",0.88857,0.89013,0.8852,0.88587,-27.0
"Dec 09, 2020 00:00",0.88895,0.89147,0.88712,0.8895,+5.5
"Dec 08, 2020 00:00",0.89022,0.89142,0.88817,0.889,-12.2
"Dec 07, 2020 00:00",0.89058,0.89464,0.8875,0.89092,+3.4
"Dec 04, 2020 00:00",0.89186,0.89233,0.88856,0.89185,-0.1
"Dec 03, 2020 00:00",0.89456,0.89538,0.88914,0.89066,-39.0
"Dec 02, 2020 00:00",0.89932,0.90133,0.89434,0.89469,-46.3
"Dec 01, 2020 00:00",0.90796,0.90876,0.89938,0.89985,-81.1
"Nov 30, 2020 00:00",0.90394,0.90932,0.90194,0.9087,+47.6
"Nov 27, 2020 00:00",0.90645,0.90824,0.904,0.90436,-20.9
"Nov 26, 2020 00:00",0.90807,0.90938,0.90603,0.90627,-18.0
"Nov 25, 2020 00:00",0.9111,0.91389,0.90779,0.90832,-27.8
"Nov 24, 2020 00:00",0.913,0.91362,0.90973,0.91118,-18.2
"Nov 23, 2020 00:00",0.91081,0.91477,0.9076,0.91238,+15.7
"Nov 20, 2020 00:00",0.9108,0.91236,0.90918,0.91093,+1.3
"Nov 19, 2020 00:00",0.91155,0.91393,0.90993,0.91055,-10.0
"Nov 18, 2020 00:00",0.91133,0.9123,0.90923,0.91103,-3.0
"Nov 17, 2020 00:00",0.91235,0.91282,0.9088,0.91144,-9.1
"Nov 16, 2020 00:00",0.91248,0.91516,0.90978,0.91248,+0.0
"Nov 13, 2020 00:00",0.91441,0.91593,0.91256,0.9126,-18.1
"Nov 12, 2020 00:00",0.91697,0.91712,0.91314,0.91512,-18.5
"Nov 11, 2020 00:00",0.91532,0.91919,0.91356,0.91691,+15.9
"Nov 10, 2020 00:00",0.91276,0.91755,0.91152,0.91501,+22.5
"Nov 09, 2020 00:00",0.89879,0.91435,0.89842,0.91373,+149.4
"Nov 06, 2020 00:00",0.90434,0.90566,0.89826,0.90027,-40.7
"Nov 05, 2020 00:00",0.91128,0.91325,0.90362,0.90395,-73.3
"Nov 04, 2020 00:00",0.91279,0.91964,0.90895,0.91213,-6.6
"Nov 03, 2020 00:00",0.91847,0.91921,0.91174,0.91215,-63.2
"Nov 02, 2020 00:00",0.91609,0.92078,0.91509,0.91918,+30.9
"Oct 30, 2020 00:00",0.91457,0.91726,0.9138,0.91667,+21.0
"Oct 29, 2020 00:00",0.91039,0.91729,0.90894,0.91586,+54.7
"Oct 28, 2020 00:00",0.90856,0.91276,0.90834,0.9104,+18.4
"Oct 27, 2020 00:00",0.90772,0.90974,0.90612,0.90864,+9.2
"Oct 26, 2020 00:00",0.90452,0.90805,0.90371,0.90784,+33.2
"Oct 23, 2020 00:00",0.90712,0.90922,0.90341,0.90409,-30.3
"Oct 22, 2020 00:00",0.90533,0.90808,0.90406,0.90718,+18.5
"Oct 21, 2020 00:00",0.90694,0.90707,0.90306,0.9053,-16.4
"Oct 20, 2020 00:00",0.90927,0.91102,0.90554,0.90712,-21.5
"Oct 19, 2020 00:00",0.91251,0.91654,0.90901,0.91011,-24.0
"Oct 16, 2020 00:00",0.91444,0.91625,0.91232,0.91493,+4.9
"Oct 15, 2020 00:00",0.91392,0.91559,0.91267,0.91434,+4.2
"Oct 14, 2020 00:00",0.91491,0.91627,0.9113,0.9134,-15.1
"Oct 13, 2020 00:00",0.90872,0.91546,0.90869,0.91483,+61.1
"Oct 12, 2020 00:00",0.91095,0.91236,0.90872,0.90922,-17.3
"Oct 09, 2020 00:00",0.91682,0.91737,0.90939,0.90956,-72.6
"Oct 08, 2020 00:00",0.91712,0.91977,0.91572,0.91709,-0.3
"Oct 07, 2020 00:00",0.9177,0.91848,0.91594,0.91723,-4.7
"Oct 06, 2020 00:00",0.91504,0.91795,0.91331,0.91773,+26.9
"Oct 05, 2020 00:00",0.91921,0.92,0.91452,0.91501,-42.0
"Oct 02, 2020 00:00",0.9188,0.92189,0.91811,0.92057,+17.7
"Oct 01, 2020 00:00",0.92059,0.92144,0.91643,0.91853,-20.6
"Sep 30, 2020 00:00",0.91968,0.92443,0.9162,0.92079,+11.1
"Sep 29, 2020 00:00",0.92467,0.92497,0.91904,0.9192,-54.7
"Sep 28, 2020 00:00",0.93046,0.93046,0.92411,0.92435,-61.1
"Sep 25, 2020 00:00",0.92664,0.92964,0.92506,0.9289,+22.6
"Sep 24, 2020 00:00",0.92385,0.92803,0.92159,0.9268,+29.5
"Sep 23, 2020 00:00",0.91971,0.92435,0.919,0.92384,+41.3
"Sep 22, 2020 00:00",0.9145,0.9208,0.91368,0.91982,+53.2
"Sep 21, 2020 00:00",0.9104,0.91711,0.90868,0.91451,+41.1
"Sep 18, 2020 00:00",0.90807,0.91136,0.90751,0.91124,+31.7
"Sep 17, 2020 00:00",0.9092,0.91396,0.90806,0.90843,-7.7
"Sep 16, 2020 00:00",0.90798,0.91106,0.90548,0.90941,+14.3
"Sep 15, 2020 00:00",0.90815,0.90889,0.90512,0.90809,-0.6
"Sep 14, 2020 00:00",0.90702,0.90986,0.9058,0.90838,+13.6
"Sep 11, 2020 00:00",0.9105,0.91087,0.90793,0.90882,-16.8
"Sep 10, 2020 00:00",0.91193,0.9128,0.90487,0.91055,-13.8
"Sep 09, 2020 00:00",0.91759,0.91904,0.912,0.91231,-52.8
"Sep 08, 2020 00:00",0.916,0.9201,0.91485,0.91785,+18.5
"Sep 07, 2020 00:00",0.91479,0.91695,0.91205,0.91589,+11.0
"Sep 04, 2020 00:00",0.90929,0.9163,0.9085,0.91329,+40.0
"Sep 03, 2020 00:00",0.9106,0.91423,0.90826,0.90938,-12.2
"Sep 02, 2020 00:00",0.90924,0.91365,0.90846,0.91069,+14.5
"Sep 01, 2020 00:00",0.90368,0.9101,0.89991,0.90933,+56.5
"Aug 31, 2020 00:00",0.9039,0.9053,0.89984,0.90368,-2.2
"Aug 28, 2020 00:00",0.90898,0.91,0.90243,0.90407,-49.1
"Aug 27, 2020 00:00",0.90776,0.91233,0.90357,0.90897,+12.1
"Aug 26, 2020 00:00",0.90768,0.91207,0.90703,0.90834,+6.6
"Aug 25, 2020 00:00",0.9118,0.91258,0.90736,0.9077,-41.0
"Aug 24, 2020 00:00",0.91197,0.91279,0.90746,0.91188,-0.9
"Aug 21, 2020 00:00",0.90717,0.91395,0.90607,0.91176,+45.9
"Aug 20, 2020 00:00",0.91476,0.91616,0.90722,0.90763,-71.3
"Aug 19, 2020 00:00",0.90373,0.91546,0.90193,0.91501,+112.8
"Aug 18, 2020 00:00",0.90551,0.90675,0.90095,0.90368,-18.3
"Aug 17, 2020 00:00",0.90839,0.90968,0.90516,0.90654,-18.5
"Aug 14, 2020 00:00",0.90967,0.91226,0.90866,0.90913,-5.4
"Aug 13, 2020 00:00",0.91085,0.91225,0.90823,0.90963,-12.2
"Aug 12, 2020 00:00",0.91675,0.91976,0.90969,0.91198,-47.7
"Aug 11, 2020 00:00",0.91556,0.91778,0.91052,0.91681,+12.5
"Aug 10, 2020 00:00",0.91428,0.91843,0.91203,0.91563,+13.5
"Aug 07, 2020 00:00",0.90965,0.91581,0.90851,0.91254,+28.9
"Aug 06, 2020 00:00",0.90741,0.91288,0.9065,0.90974,+23.3
"Aug 05, 2020 00:00",0.91322,0.91389,0.90503,0.9084,-48.2
"Aug 04, 2020 00:00",0.9177,0.9188,0.913,0.91323,-44.7
"Aug 03, 2020 00:00",0.91212,0.92415,0.91212,0.91777,+56.5
"Jul 31, 2020 00:00",0.90842,0.9149,0.90565,0.91386,+54.4
"Jul 30, 2020 00:00",0.91158,0.91511,0.90879,0.90891,-26.7
"Jul 29, 2020 00:00",0.91745,0.91877,0.91177,0.91267,-47.8
"Jul 28, 2020 00:00",0.91987,0.92279,0.91551,0.91785,-20.2
"Jul 27, 2020 00:00",0.92048,0.923,0.91659,0.9199,-5.8
"Jul 24, 2020 00:00",0.92544,0.92608,0.92074,0.92083,-46.1
"Jul 23, 2020 00:00",0.92951,0.92989,0.92451,0.9254,-41.1
"Jul 22, 2020 00:00",0.93308,0.93517,0.92867,0.92968,-34.0
"Jul 21, 2020 00:00",0.93886,0.93991,0.93212,0.93311,-57.5
"Jul 20, 2020 00:00",0.94008,0.941,0.93739,0.93884,-12.4
"Jul 17, 2020 00:00",0.94549,0.94586,0.93801,0.93874,-67.5
"Jul 16, 2020 00:00",0.94401,0.94675,0.9429,0.94576,+17.5
"Jul 15, 2020 00:00",0.93991,0.94571,0.93697,0.94436,+44.5
"Jul 14, 2020 00:00",0.94142,0.94242,0.93798,0.93989,-15.3
"Jul 13, 2020 00:00",0.93997,0.94374,0.9392,0.94164,+16.7
"Jul 10, 2020 00:00",0.939,0.94312,0.93849,0.94132,+23.2
"Jul 09, 2020 00:00",0.93826,0.94104,0.93621,0.94003,+17.7
"Jul 08, 2020 00:00",0.94241,0.94324,0.93699,0.93843,-39.8
"Jul 07, 2020 00:00",0.9421,0.94529,0.94083,0.94247,+3.7
"Jul 06, 2020 00:00",0.94488,0.94531,0.93845,0.94211,-27.7
"Jul 03, 2020 00:00",0.94527,0.94702,0.94371,0.94379,-14.8
"Jul 02, 2020 00:00",0.94577,0.94656,0.94267,0.94528,-4.9
"Jul 01, 2020 00:00",0.94719,0.94935,0.94447,0.94574,-14.5
"Jun 30, 2020 00:00",0.95113,0.95328,0.94613,0.94742,-37.1
"Jun 29, 2020 00:00",0.94692,0.9525,0.94416,0.95118,+42.6
"Jun 26, 2020 00:00",0.94843,0.94996,0.94673,0.94824,-1.9
"Jun 25, 2020 00:00",0.94779,0.95083,0.94691,0.94843,+6.4
"Jun 24, 2020 00:00",0.94478,0.94858,0.94328,0.94788,+31.0
"Jun 23, 2020 00:00",0.94762,0.94932,0.94202,0.94478,-28.4
"Jun 22, 2020 00:00",0.95155,0.95272,0.94652,0.94763,-39.2
"Jun 19, 2020 00:00",0.95111,0.95308,0.94878,0.95242,+13.1
"Jun 18, 2020 00:00",0.94857,0.95253,0.94826,0.95144,+28.7
"Jun 17, 2020 00:00",0.95133,0.95291,0.94813,0.9486,-27.3
"Jun 16, 2020 00:00",0.94898,0.95228,0.94632,0.95118,+22.0
"Jun 15, 2020 00:00",0.95424,0.95466,0.94798,0.94908,-51.6
"Jun 12, 2020 00:00",0.944,0.95532,0.94156,0.9519,+79.0
"Jun 11, 2020 00:00",0.9437,0.946,0.93759,0.94413,+4.3
"Jun 10, 2020 00:00",0.95067,0.95149,0.9425,0.94374,-69.3
"Jun 09, 2020 00:00",0.95757,0.95857,0.94823,0.95075,-68.2
"Jun 08, 2020 00:00",0.96285,0.96394,0.95557,0.95758,-52.7
"Jun 05, 2020 00:00",0.95545,0.96505,0.95419,0.96226,+68.1
"Jun 04, 2020 00:00",0.96121,0.96234,0.95432,0.95545,-57.6
"Jun 03, 2020 00:00",0.96211,0.96475,0.96063,0.96106,-10.5
"Jun 02, 2020 00:00",0.96085,0.96376,0.95732,0.96249,+16.4
"Jun 01, 2020 00:00",0.96081,0.9625,0.95787,0.96088,+0.7
"May 29, 2020 00:00",0.96378,0.96505,0.96018,0.96119,-25.9
"May 28, 2020 00:00",0.96878,0.97192,0.96303,0.96415,-46.3
"May 27, 2020 00:00",0.96543,0.97279,0.96485,0.96807,+26.4
"May 26, 2020 00:00",0.97157,0.97225,0.96462,0.96546,-61.1
"May 25, 2020 00:00",0.97127,0.97358,0.97041,0.97151,+2.4
"May 22, 2020 00:00",0.97037,0.9733,0.9697,0.97116,+7.9
"May 21, 2020 00:00",0.96461,0.9713,0.96438,0.97041,+58.0
"May 20, 2020 00:00",0.97114,0.97162,0.96381,0.96471,-64.3
"May 19, 2020 00:00",0.97095,0.97283,0.96982,0.97149,+5.4
"May 18, 2020 00:00",0.9703,0.97607,0.96765,0.97123,+9.3
"May 15, 2020 00:00",0.97297,0.97446,0.96982,0.97194,-10.3
"May 14, 2020 00:00",0.97197,0.97552,0.97135,0.97307,+11.0
"May 13, 2020 00:00",0.96931,0.9726,0.96652,0.97227,+29.6
"May 12, 2020 00:00",0.97284,0.97502,0.96651,0.96944,-34.0
"May 11, 2020 00:00",0.97072,0.9737,0.96978,0.973,+22.8
"May 08, 2020 00:00",0.97294,0.97373,0.9681,0.97098,-19.6
"May 07, 2020 00:00",0.97484,0.97841,0.97286,0.97323,-16.1
"May 06, 2020 00:00",0.97212,0.97586,0.97208,0.97481,+26.9
"May 05, 2020 00:00",0.96467,0.97344,0.96427,0.97261,+79.4
"May 04, 2020 00:00",0.96155,0.9663,0.96155,0.96537,+38.2
"May 01, 2020 00:00",0.96519,0.96693,0.95885,0.96111,-40.8
"Apr 30, 2020 00:00",0.97333,0.97589,0.96382,0.96561,-77.2
"Apr 29, 2020 00:00",0.97478,0.97674,0.97122,0.97376,-10.2
"Apr 28, 2020 00:00",0.97508,0.97997,0.97202,0.97485,-2.3
"Apr 27, 2020 00:00",0.97246,0.97671,0.97125,0.97539,+29.3
"Apr 24, 2020 00:00",0.9757,0.98026,0.97275,0.97299,-27.1
"Apr 23, 2020 00:00",0.97136,0.97722,0.97051,0.97595,+45.9
"Apr 22, 2020 00:00",0.96906,0.97319,0.96685,0.97159,+25.3
"Apr 21, 2020 00:00",0.96785,0.97276,0.96701,0.96944,+15.9
"Apr 20, 2020 00:00",0.96783,0.97003,0.96553,0.96785,+0.2
"Apr 17, 2020 00:00",0.97007,0.97237,0.96558,0.96697,-31.0
"Apr 16, 2020 00:00",0.96454,0.97156,0.96435,0.97033,+57.9
"Apr 15, 2020 00:00",0.95968,0.97003,0.95922,0.96451,+48.3
"Apr 14, 2020 00:00",0.96685,0.96778,0.95958,0.96034,-65.1
"Apr 13, 2020 00:00",0.96578,0.96871,0.96297,0.96756,+17.8
"Apr 10, 2020 00:00",0.96605,0.96768,0.96401,0.965,-10.5
"Apr 09, 2020 00:00",0.9713,0.97338,0.96484,0.96628,-50.2
"Apr 08, 2020 00:00",0.96914,0.97436,0.96882,0.97234,+32.0
"Apr 07, 2020 00:00",0.97867,0.97921,0.96852,0.9695,-91.7
"Apr 06, 2020 00:00",0.97619,0.97971,0.9754,0.97853,+23.4
"Apr 03, 2020 00:00",0.97345,0.97954,0.97247,0.97631,+28.6
"Apr 02, 2020 00:00",0.96546,0.97504,0.96489,0.97367,+82.1
"Apr 01, 2020 00:00",0.96102,0.96912,0.95997,0.96544,+44.2
"Mar 31, 2020 00:00",0.95823,0.9686,0.95727,0.96109,+28.6
"Mar 30, 2020 00:00",0.95325,0.96108,0.95019,0.95868,+54.3
"Mar 27, 2020 00:00",0.96327,0.96554,0.9506,0.95068,-125.9
"Mar 26, 2020 00:00",0.97667,0.97748,0.9603,0.9634,-132.7
"Mar 25, 2020 00:00",0.98095,0.98333,0.9754,0.97712,-38.3
"Mar 24, 2020 00:00",0.98476,0.98481,0.97188,0.9816,-31.6
"Mar 23, 2020 00:00",0.98483,0.99011,0.97899,0.98507,+2.4
"Mar 20, 2020 00:00",0.98587,0.99011,0.97438,0.98548,-3.9
"Mar 19, 2020 00:00",0.96772,0.98781,0.96384,0.98606,+183.4
"Mar 18, 2020 00:00",0.9608,0.97511,0.95666,0.96786,+70.6
"Mar 17, 2020 00:00",0.94672,0.96486,0.94485,0.96103,+143.1
"Mar 16, 2020 00:00",0.95342,0.95342,0.93921,0.94686,-65.6
"Mar 13, 2020 00:00",0.94378,0.95687,0.94222,0.9513,+75.2
"Mar 12, 2020 00:00",0.93775,0.95516,0.93214,0.94368,+59.3
"Mar 11, 2020 00:00",0.9398,0.94014,0.93244,0.93807,-17.3
"Mar 10, 2020 00:00",0.9252,0.94111,0.92398,0.93989,+146.9
"Mar 09, 2020 00:00",0.93186,0.93363,0.91822,0.92535,-65.1
"Mar 06, 2020 00:00",0.94484,0.94667,0.93184,0.93749,-73.5
"Mar 05, 2020 00:00",0.9562,0.95717,0.94467,0.94523,-109.7
"Mar 04, 2020 00:00",0.95545,0.95969,0.95323,0.9571,+16.5
"Mar 03, 2020 00:00",0.95862,0.95972,0.95158,0.95651,-21.1
"Mar 02, 2020 00:00",0.96302,0.96548,0.95439,0.9593,-37.2
"Feb 28, 2020 00:00",0.96756,0.96959,0.96101,0.96537,-21.9
"Feb 27, 2020 00:00",0.97665,0.97708,0.96742,0.96752,-91.3
"Feb 26, 2020 00:00",0.97596,0.97785,0.97285,0.97687,+9.1
"Feb 25, 2020 00:00",0.97887,0.98045,0.97508,0.97604,-28.3
"Feb 24, 2020 00:00",0.97986,0.98157,0.97647,0.97891,-9.5
"Feb 21, 2020 00:00",0.98388,0.98436,0.97707,0.97819,-56.9
"Feb 20, 2020 00:00",0.98389,0.98483,0.98152,0.98421,+3.2
"Feb 19, 2020 00:00",0.98307,0.98444,0.98259,0.98383,+7.6
"Feb 18, 2020 00:00",0.98074,0.98394,0.97966,0.98317,+24.3
"Feb 17, 2020 00:00",0.98126,0.98269,0.98079,0.98083,-4.3
"Feb 14, 2020 00:00",0.97923,0.98225,0.97844,0.98215,+29.2
"Feb 13, 2020 00:00",0.97801,0.97958,0.97608,0.97951,+15.0
"Feb 12, 2020 00:00",0.97581,0.97853,0.9741,0.97829,+24.8
"Feb 11, 2020 00:00",0.97715,0.9789,0.97509,0.97582,-13.3
"Feb 10, 2020 00:00",0.97655,0.9784,0.97629,0.97749,+9.4
"Feb 07, 2020 00:00",0.97462,0.97813,0.97396,0.97762,+30.0
"Feb 06, 2020 00:00",0.9734,0.97563,0.97308,0.97467,+12.7
"Feb 05, 2020 00:00",0.96909,0.9748,0.96782,0.97346,+43.7
"Feb 04, 2020 00:00",0.96586,0.97043,0.96536,0.9693,+34.4
"Feb 03, 2020 00:00",0.96335,0.96708,0.96294,0.9661,+27.5
"Jan 31, 2020 00:00",0.96946,0.97128,0.96289,0.9633,-61.6
"Jan 30, 2020 00:00",0.97297,0.9737,0.96795,0.96939,-35.8
"Jan 29, 2020 00:00",0.97303,0.97666,0.97263,0.97322,+1.9
"Jan 28, 2020 00:00",0.96934,0.97412,0.96785,0.97296,+36.2
"Jan 27, 2020 00:00",0.97029,0.97188,0.96814,0.9695,-7.9
"Jan 24, 2020 00:00",0.96893,0.9718,0.96848,0.97103,+21.0
"Jan 23, 2020 00:00",0.96777,0.97038,0.96689,0.96907,+13.0
"Jan 22, 2020 00:00",0.96862,0.97292,0.96779,0.96782,-8.0
"Jan 21, 2020 00:00",0.96827,0.96901,0.96609,0.96866,+3.9
"Jan 20, 2020 00:00",0.96734,0.96993,0.96708,0.96816,+8.2
"Jan 17, 2020 00:00",0.96411,0.96953,0.96363,0.96767,+35.6
"Jan 16, 2020 00:00",0.96406,0.96524,0.96129,0.96507,+10.1
"Jan 15, 2020 00:00",0.96697,0.96797,0.96301,0.96395,-30.2
"Jan 14, 2020 00:00",0.97047,0.97129,0.96653,0.96742,-30.5
"Jan 13, 2020 00:00",0.97255,0.97363,0.96938,0.97087,-16.8
"Jan 10, 2020 00:00",0.97285,0.97623,0.97202,0.97283,-0.2
"Jan 09, 2020 00:00",0.97381,0.97482,0.97114,0.97324,-5.7
"Jan 08, 2020 00:00",0.96999,0.97395,0.9665,0.97378,+37.9
"Jan 07, 2020 00:00",0.96782,0.97298,0.96765,0.97021,+23.9
"Jan 06, 2020 00:00",0.97017,0.97169,0.96714,0.96787,-23.0
"Jan 03, 2020 00:00",0.97095,0.97437,0.96881,0.97239,+14.4
"Jan 02, 2020 00:00",0.96738,0.97329,0.96609,0.97115,+37.7
"Dec 31, 2019 00:00",0.96923,0.96975,0.9646,0.96788,-13.5
"Dec 30, 2019 00:00",0.97447,0.97537,0.9674,0.96929,-51.8
"Dec 27, 2019 00:00",0.98069,0.98177,0.97298,0.97475,-59.4
"Dec 26, 2019 00:00",0.97972,0.98186,0.97953,0.98124,+15.2
"Dec 24, 2019 00:00",0.98139,0.98314,0.97934,0.98001,-13.8
"Dec 23, 2019 00:00",0.9814,0.98277,0.9801,0.98176,+3.6
"Dec 20, 2019 00:00",0.97834,0.98327,0.9771,0.98262,+42.8
"Dec 19, 2019 00:00",0.98036,0.98118,0.97701,0.97839,-19.7
"Dec 18, 2019 00:00",0.98024,0.98208,0.97955,0.98035,+1.1
"Dec 17, 2019 00:00",0.98224,0.98436,0.97955,0.98,-22.4
"Dec 16, 2019 00:00",0.98311,0.98467,0.98198,0.98248,-6.3
"Dec 13, 2019 00:00",0.9861,0.98627,0.98054,0.98427,-18.3
"Dec 12, 2019 00:00",0.98289,0.98761,0.98085,0.98456,+16.7
"Dec 11, 2019 00:00",0.98434,0.98639,0.98144,0.98286,-14.8
"Dec 10, 2019 00:00",0.98767,0.98824,0.98338,0.98435,-33.2
"Dec 09, 2019 00:00",0.99045,0.99101,0.98748,0.98769,-27.6
"Dec 06, 2019 00:00",0.98697,0.99181,0.98648,0.99008,+31.1
"Dec 05, 2019 00:00",0.98832,0.98953,0.98683,0.98713,-11.9
"Dec 04, 2019 00:00",0.98694,0.98997,0.98551,0.98889,+19.5
"Dec 03, 2019 00:00",0.99119,0.99262,0.98572,0.98706,-41.3
"Dec 02, 2019 00:00",0.99983,1.00088,0.99116,0.99132,-85.1
"Nov 29, 2019 00:00",0.99824,1.00231,0.99799,0.99972,+14.8
"Nov 28, 2019 00:00",0.99884,0.99959,0.99809,0.99844,-4.0
"Nov 27, 2019 00:00",0.99679,1.00003,0.99675,0.99944,+26.5
"Nov 26, 2019 00:00",0.99616,0.99866,0.99606,0.99733,+11.7
"Nov 25, 2019 00:00",0.99723,0.99857,0.99599,0.99676,-4.7
"Nov 22, 2019 00:00",0.99301,0.99803,0.99191,0.99728,+42.7
"Nov 21, 2019 00:00",0.99072,0.99348,0.98902,0.99311,+23.9
"Nov 20, 2019 00:00",0.99041,0.99367,0.98983,0.99104,+6.3
"Nov 19, 2019 00:00",0.98949,0.99185,0.98817,0.99045,+9.6
"Nov 18, 2019 00:00",0.98886,0.99139,0.98682,0.98957,+7.1
"Nov 15, 2019 00:00",0.98779,0.99112,0.98779,0.98968,+18.9
"Nov 14, 2019 00:00",0.99004,0.99078,0.987,0.98806,-19.8
"Nov 13, 2019 00:00",0.99296,0.99354,0.98838,0.98996,-30.0
"Nov 12, 2019 00:00",0.99325,0.99646,0.99222,0.9932,-0.5
"Nov 11, 2019 00:00",0.99671,0.99768,0.99286,0.9933,-34.1
"Nov 08, 2019 00:00",0.99502,0.99786,0.99414,0.99751,+24.9
"Nov 07, 2019 00:00",0.99269,0.99751,0.99108,0.99479,+21.0
"Nov 06, 2019 00:00",0.99276,0.99402,0.99155,0.99278,+0.2
"Nov 05, 2019 00:00",0.98766,0.99358,0.98752,0.99265,+49.9
"Nov 04, 2019 00:00",0.98537,0.98891,0.98509,0.98773,+23.6
"Nov 01, 2019 00:00",0.98617,0.98945,0.98507,0.98558,-5.9
"Oct 31, 2019 00:00",0.9893,0.98938,0.98593,0.98646,-28.4
"Oct 30, 2019 00:00",0.99383,0.99446,0.98879,0.98947,-43.6
"Oct 29, 2019 00:00",0.99453,0.99647,0.99329,0.99404,-4.9
"Oct 28, 2019 00:00",0.99457,0.997,0.99356,0.99458,+0.1
"Oct 25, 2019 00:00",0.99204,0.99546,0.99072,0.99451,+24.7
"Oct 24, 2019 00:00",0.9904,0.99291,0.98911,0.99221,+18.1
"Oct 23, 2019 00:00",0.9895,0.99143,0.98858,0.99078,+12.8
"Oct 22, 2019 00:00",0.98548,0.98967,0.98544,0.98954,+40.6
"Oct 21, 2019 00:00",0.98425,0.98758,0.98413,0.98583,+15.8
"Oct 18, 2019 00:00",0.9879,0.98918,0.98415,0.98416,-37.4
"Oct 17, 2019 00:00",0.99481,0.99514,0.98665,0.98792,-68.9
"Oct 16, 2019 00:00",0.99864,0.99908,0.99458,0.9949,-37.4
"Oct 15, 2019 00:00",0.99661,0.99962,0.99634,0.99877,+21.6
"Oct 14, 2019 00:00",0.99686,0.99831,0.99439,0.9973,+4.4
"Oct 11, 2019 00:00",0.99693,0.9991,0.99578,0.99674,-1.9
"Oct 10, 2019 00:00",0.99587,0.99728,0.99142,0.99674,+8.7
"Oct 09, 2019 00:00",0.99306,0.99635,0.99158,0.99594,+28.8
"Oct 08, 2019 00:00",0.99468,0.99583,0.99047,0.99316,-15.2
"Oct 07, 2019 00:00",0.99429,0.99661,0.99268,0.9948,+5.1
"Oct 04, 2019 00:00",0.99875,1.00076,0.99269,0.99517,-35.8
"Oct 03, 2019 00:00",0.99684,1.00276,0.99521,0.99891,+20.7
"Oct 02, 2019 00:00",0.99295,1.00264,0.99209,0.9969,+39.5
"Oct 01, 2019 00:00",0.99769,1.00168,0.99231,0.99311,-45.8
"Sep 30, 2019 00:00",0.99073,0.99879,0.99038,0.99808,+73.5
"Sep 27, 2019 00:00",0.99363,0.99491,0.98978,0.99121,-24.2
"Sep 26, 2019 00:00",0.99146,0.99483,0.99059,0.99372,+22.6
"Sep 25, 2019 00:00",0.9855,0.99248,0.98498,0.99227,+67.7
"Sep 24, 2019 00:00",0.98971,0.99144,0.98438,0.98565,-40.6
"Sep 23, 2019 00:00",0.99135,0.99225,0.98899,0.9898,-15.5
"Sep 20, 2019 00:00",0.99248,0.99363,0.98896,0.991,-14.8
"Sep 19, 2019 00:00",0.99735,0.99837,0.99004,0.99314,-42.1
"Sep 18, 2019 00:00",0.99306,0.99837,0.9926,0.99753,+44.7
"Sep 17, 2019 00:00",0.99243,0.99681,0.9913,0.99301,+5.8
"Sep 16, 2019 00:00",0.98737,0.99402,0.9865,0.99262,+52.5
"Sep 13, 2019 00:00",0.99025,0.99107,0.98541,0.99017,-0.8
"Sep 12, 2019 00:00",0.99276,0.99468,0.98804,0.99035,-24.1
"Sep 11, 2019 00:00",0.9918,0.99436,0.99117,0.9928,+10.0
"Sep 10, 2019 00:00",0.99192,0.99318,0.98891,0.99185,-0.7
"Sep 09, 2019 00:00",0.98711,0.99228,0.98697,0.99207,+49.6
"Sep 06, 2019 00:00",0.98565,0.99173,0.98534,0.98765,+20.0
"Sep 05, 2019 00:00",0.98069,0.98735,0.97999,0.98605,+53.6
"Sep 04, 2019 00:00",0.9866,0.98843,0.97982,0.98107,-55.3
"Sep 03, 2019 00:00",0.99029,0.99288,0.98632,0.98664,-36.5
"Sep 02, 2019 00:00",0.98978,0.99192,0.98886,0.99054,+7.6
"Aug 30, 2019 00:00",0.9866,0.99177,0.98589,0.98953,+29.3
"Aug 29, 2019 00:00",0.98091,0.9875,0.98004,0.98653,+56.2
"Aug 28, 2019 00:00",0.98126,0.98288,0.98016,0.98144,+1.8
"Aug 27, 2019 00:00",0.97872,0.98372,0.97755,0.98125,+25.3
"Aug 26, 2019 00:00",0.97223,0.98163,0.97134,0.97905,+68.2
"Aug 23, 2019 00:00",0.98355,0.9877,0.97354,0.97489,-86.6
"Aug 22, 2019 00:00",0.9824,0.9845,0.98138,0.98367,+12.7
"Aug 21, 2019 00:00",0.97782,0.98312,0.97736,0.98256,+47.4
"Aug 20, 2019 00:00",0.98157,0.98169,0.97753,0.97781,-37.6
"Aug 19, 2019 00:00",0.97617,0.98208,0.97617,0.98155,+53.8
"Aug 16, 2019 00:00",0.97636,0.98093,0.97597,0.97858,+22.2
"Aug 15, 2019 00:00",0.97304,0.97768,0.9722,0.97635,+33.1
"Aug 14, 2019 00:00",0.97658,0.97703,0.97054,0.97335,-32.3
"Aug 13, 2019 00:00",0.96911,0.97681,0.96593,0.97654,+74.3
"Aug 12, 2019 00:00",0.97299,0.9754,0.96824,0.96926,-37.3
"Aug 09, 2019 00:00",0.97466,0.97539,0.97091,0.97264,-20.2
"Aug 08, 2019 00:00",0.97532,0.97867,0.97373,0.97478,-5.4
"Aug 07, 2019 00:00",0.97631,0.97973,0.96925,0.97537,-9.4
"Aug 06, 2019 00:00",0.97337,0.97925,0.97034,0.97617,+28.0
"Aug 05, 2019 00:00",0.98391,0.98408,0.97164,0.97314,-107.7
"Aug 02, 2019 00:00",0.99012,0.99081,0.98148,0.98235,-77.7
"Aug 01, 2019 00:00",0.99388,0.99752,0.98877,0.99016,-37.2
"Jul 31, 2019 00:00",0.99012,0.99497,0.98848,0.99391,+37.9
"Jul 30, 2019 00:00",0.99153,0.99226,0.98909,0.99015,-13.8
"Jul 29, 2019 00:00",0.99308,0.99371,0.99092,0.99168,-14.0
"Jul 26, 2019 00:00",0.9908,0.99462,0.99004,0.99331,+25.1
"Jul 25, 2019 00:00",0.98465,0.99175,0.98439,0.99083,+61.8
"Jul 24, 2019 00:00",0.98516,0.98743,0.98362,0.98467,-4.9
"Jul 23, 2019 00:00",0.98201,0.98598,0.9817,0.98529,+32.8
"Jul 22, 2019 00:00",0.98246,0.98406,0.98039,0.98204,-4.2
"Jul 19, 2019 00:00",0.98133,0.98471,0.98056,0.98166,+3.3
"Jul 18, 2019 00:00",0.98739,0.98918,0.9809,0.98134,-60.5
"Jul 17, 2019 00:00",0.98785,0.99082,0.98648,0.98739,-4.6
"Jul 16, 2019 00:00",0.98448,0.98941,0.98358,0.98787,+33.9
"Jul 15, 2019 00:00",0.98413,0.98545,0.98172,0.98443,+3.0
"Jul 12, 2019 00:00",0.98984,0.9908,0.98358,0.98403,-58.1
"Jul 11, 2019 00:00",0.9895,0.99049,0.98457,0.99024,+7.4
"Jul 10, 2019 00:00",0.99352,0.99414,0.98872,0.98951,-40.1
"Jul 09, 2019 00:00",0.99366,0.99516,0.9923,0.99354,-1.2
"Jul 08, 2019 00:00",0.99138,0.99471,0.98987,0.9938,+24.2
"Jul 05, 2019 00:00",0.98452,0.99323,0.98434,0.99169,+71.7
"Jul 04, 2019 00:00",0.98627,0.987,0.98455,0.98455,-17.2
"Jul 03, 2019 00:00",0.98621,0.9873,0.98342,0.98617,-0.4
"Jul 02, 2019 00:00",0.98761,0.98891,0.98357,0.98622,-13.9
"Jul 01, 2019 00:00",0.97871,0.9884,0.97793,0.98768,+89.7
"Jun 28, 2019 00:00",0.97648,0.97742,0.9738,0.97647,-0.1
"Jun 27, 2019 00:00",0.97774,0.9814,0.9759,0.9765,-12.4
"Jun 26, 2019 00:00",0.97535,0.97852,0.97438,0.97792,+25.7
"Jun 25, 2019 00:00",0.97186,0.97771,0.9694,0.9755,+36.4
"Jun 24, 2019 00:00",0.97635,0.97835,0.97104,0.97201,-43.4
"Jun 21, 2019 00:00",0.98144,0.98384,0.97562,0.97618,-52.6
"Jun 20, 2019 00:00",0.9942,0.9943,0.97916,0.98171,-124.9
"Jun 19, 2019 00:00",1.00004,1.00147,0.99162,0.99409,-59.5
"Jun 18, 2019 00:00",0.9991,1.00131,0.99657,1.00015,+10.5
"Jun 17, 2019 00:00",0.99824,0.99996,0.99657,0.999,+7.6
"Jun 14, 2019 00:00",0.99384,0.99955,0.99258,0.9988,+49.6
"Jun 13, 2019 00:00",0.99547,0.99605,0.99182,0.99386,-16.1
"Jun 12, 2019 00:00",0.99233,0.99591,0.99025,0.99551,+31.8
"Jun 11, 2019 00:00",0.98967,0.99367,0.98898,0.9924,+27.3
"Jun 10, 2019 00:00",0.98911,0.99201,0.98804,0.98986,+7.5
"Jun 07, 2019 00:00",0.99114,0.99499,0.9859,0.98786,-32.8
"Jun 06, 2019 00:00",0.99471,0.99615,0.98797,0.9913,-34.1
"Jun 05, 2019 00:00",0.99207,0.99508,0.98541,0.99474,+26.7
"Jun 04, 2019 00:00",0.9923,0.99559,0.99025,0.99206,-2.4
"Jun 03, 2019 00:00",1.00103,1.00173,0.99106,0.99241,-86.2
"May 31, 2019 00:00",1.00771,1.008,1.00008,1.00104,-66.7
"May 30, 2019 00:00",1.00788,1.00983,1.00702,1.00791,+0.3
"May 29, 2019 00:00",1.00757,1.00864,1.005,1.00785,+2.8
"May 28, 2019 00:00",1.00371,1.0098,1.00342,1.00765,+39.4
"May 27, 2019 00:00",1.00172,1.00629,1.00102,1.00381,+20.9
"May 24, 2019 00:00",1.00327,1.00425,1.00087,1.00171,-15.6
"May 23, 2019 00:00",1.00963,1.00988,1.00237,1.00335,-62.8
"May 22, 2019 00:00",1.01097,1.01193,1.00663,1.00962,-13.5
"May 21, 2019 00:00",1.00839,1.01201,1.00796,1.01108,+26.9
"May 20, 2019 00:00",1.01035,1.01211,1.00806,1.00849,-18.6
"May 17, 2019 00:00",1.00984,1.01215,1.00851,1.01102,+11.8
"May 16, 2019 00:00",1.00859,1.01073,1.00736,1.00996,+13.7
"May 15, 2019 00:00",1.00853,1.00974,1.00556,1.00865,+1.2
"May 14, 2019 00:00",1.00617,1.00962,1.0051,1.00867,+25.0
"May 13, 2019 00:00",1.0112,1.01225,1.00499,1.00616,-50.4
"May 10, 2019 00:00",1.01481,1.01585,1.0101,1.01162,-31.9
"May 09, 2019 00:00",1.01985,1.02096,1.01237,1.01513,-47.2
"May 08, 2019 00:00",1.01931,1.02081,1.01691,1.02041,+11.0
"May 07, 2019 00:00",1.01769,1.02264,1.01613,1.01936,+16.7
"May 06, 2019 00:00",1.01568,1.01966,1.01516,1.01777,+20.9
"May 03, 2019 00:00",1.01885,1.02143,1.01606,1.01641,-24.4
"May 02, 2019 00:00",1.01765,1.02039,1.01666,1.0194,+17.5
"May 01, 2019 00:00",1.01905,1.01976,1.01266,1.01773,-13.2
"Apr 30, 2019 00:00",1.01958,1.02041,1.0174,1.019,-5.8
"Apr 29, 2019 00:00",1.019,1.02155,1.0185,1.01959,+5.9
"Apr 26, 2019 00:00",1.0199,1.02369,1.01842,1.01976,-1.4
"Apr 25, 2019 00:00",1.01961,1.02279,1.01932,1.02034,+7.3
"Apr 24, 2019 00:00",1.01995,1.02198,1.0169,1.02057,+6.2
"Apr 23, 2019 00:00",1.01471,1.02306,1.01456,1.01992,+52.1
"Apr 22, 2019 00:00",1.01347,1.01606,1.01342,1.01568,+22.1
"Apr 19, 2019 00:00",1.0152,1.01541,1.01299,1.01418,-10.2
"Apr 18, 2019 00:00",1.01012,1.01597,1.0093,1.01554,+54.2
"Apr 17, 2019 00:00",1.00767,1.01095,1.00671,1.01065,+29.8
"Apr 16, 2019 00:00",1.00394,1.00823,1.00322,1.00768,+37.4
"Apr 15, 2019 00:00",1.00151,1.00464,1.00093,1.00411,+26.0
"Apr 12, 2019 00:00",1.00288,1.0034,0.99971,1.0027,-1.8
"Apr 11, 2019 00:00",1.00246,1.00463,1.00098,1.00326,+8.0
"Apr 10, 2019 00:00",0.99961,1.00335,0.99898,1.00242,+28.1
"Apr 09, 2019 00:00",0.99834,1.00091,0.99803,0.99984,+15.0
"Apr 08, 2019 00:00",0.99953,1.00029,0.99776,0.99895,-5.8
"Apr 05, 2019 00:00",0.99947,1.00124,0.99795,1.00007,+6.0
"Apr 04, 2019 00:00",0.99817,1.00031,0.99653,1.00004,+18.7
"Apr 03, 2019 00:00",0.9977,0.99875,0.99535,0.9981,+4.0
"Apr 02, 2019 00:00",0.99854,1,0.99719,0.99809,-4.5
"Apr 01, 2019 00:00",0.9947,0.9995,0.99301,0.99902,+43.2
"Mar 29, 2019 00:00",0.99548,0.99747,0.99358,0.9952,-2.8
"Mar 28, 2019 00:00",0.9948,0.99736,0.99357,0.9956,+8.0
"Mar 27, 2019 00:00",0.99428,0.99666,0.99054,0.99488,+6.0
"Mar 26, 2019 00:00",0.99238,0.99525,0.99175,0.99448,+21.0
"Mar 25, 2019 00:00",0.99346,0.9949,0.99099,0.99232,-11.4
"Mar 22, 2019 00:00",0.99179,0.997,0.98796,0.99342,+16.3
"Mar 21, 2019 00:00",0.99249,0.99456,0.99035,0.99194,-5.5
"Mar 20, 2019 00:00",0.9992,1.00104,0.98945,0.99268,-65.2
"Mar 19, 2019 00:00",1.00105,1.00151,0.99847,0.99921,-18.4
"Mar 18, 2019 00:00",1.00194,1.00252,0.99971,1.00089,-10.5
"Mar 15, 2019 00:00",1.00371,1.00523,1.00105,1.00216,-15.5
"Mar 14, 2019 00:00",1.00386,1.00516,1.00294,1.00377,-0.9
"Mar 13, 2019 00:00",1.00768,1.00848,1.00265,1.00358,-41.0
"Mar 12, 2019 00:00",1.01054,1.01123,1.00631,1.00778,-27.6
"Mar 11, 2019 00:00",1.00714,1.01194,1.00696,1.01065,+35.1
"Mar 08, 2019 00:00",1.01135,1.0118,1.00699,1.00798,-33.7
"Mar 07, 2019 00:00",1.00481,1.0124,1.00267,1.01131,+65.0
"Mar 06, 2019 00:00",1.00404,1.00562,1.00316,1.00495,+9.1
"Mar 05, 2019 00:00",0.99882,1.00544,0.99817,1.00446,+56.4
"Mar 04, 2019 00:00",0.99768,1.00199,0.99766,0.99893,+12.5
"Mar 01, 2019 00:00",0.99779,1.00088,0.99631,0.99897,+11.8
"Feb 28, 2019 00:00",1.00132,1.00147,0.99263,0.99786,-34.6
"Feb 27, 2019 00:00",0.99947,1.00145,0.9962,1.00144,+19.7
"Feb 26, 2019 00:00",1.00063,1.002,0.99879,1.00013,-5.0
"Feb 25, 2019 00:00",1.00004,1.00119,0.99835,1.00048,+4.4
"Feb 22, 2019 00:00",1.00088,1.00247,0.9988,1.00042,-4.6
"Feb 21, 2019 00:00",1.00073,1.00233,0.99944,1.00138,+6.5
"Feb 20, 2019 00:00",1.00087,1.00209,0.99816,1.00108,+2.1
"Feb 19, 2019 00:00",1.00387,1.00607,1.0002,1.00125,-26.2
"Feb 18, 2019 00:00",1.00483,1.00514,1.00238,1.00416,-6.7
"Feb 15, 2019 00:00",1.00498,1.00895,1.00432,1.00495,-0.3
"Feb 14, 2019 00:00",1.0091,1.00984,1.00451,1.00514,-39.6
"Feb 13, 2019 00:00",1.00655,1.00933,1.00436,1.00931,+27.6
"Feb 12, 2019 00:00",1.00386,1.00924,1.00333,1.00626,+24.0
"Feb 11, 2019 00:00",0.99996,1.0099,0.99884,1.00413,+41.7
"Feb 08, 2019 00:00",1.00207,1.00276,0.99959,0.99997,-21.0
"Feb 07, 2019 00:00",1.00219,1.00289,1.00003,1.00241,+2.2
"Feb 06, 2019 00:00",0.99968,1.00265,0.99853,1.00242,+27.4
"Feb 05, 2019 00:00",0.99771,1.00205,0.99721,0.99992,+22.1
"Feb 04, 2019 00:00",0.99479,0.99941,0.99455,0.99787,+30.8
"Feb 01, 2019 00:00",0.994,0.99628,0.99217,0.9954,+14.0
"Jan 31, 2019 00:00",0.99416,0.99528,0.99076,0.99444,+2.8
"Jan 30, 2019 00:00",0.99423,0.99951,0.9932,0.9942,-0.3
"Jan 29, 2019 00:00",0.9916,0.99573,0.99078,0.99471,+31.1
"Jan 28, 2019 00:00",0.99289,0.99336,0.99056,0.99196,-9.3
"Jan 25, 2019 00:00",0.99605,0.99746,0.99223,0.99317,-28.8
"Jan 24, 2019 00:00",0.99457,0.99771,0.99349,0.99623,+16.6
"Jan 23, 2019 00:00",0.99712,0.999,0.99397,0.99488,-22.4
"Jan 22, 2019 00:00",0.99692,0.99861,0.99613,0.99729,+3.7
"Jan 21, 2019 00:00",0.99471,0.9988,0.99454,0.99698,+22.7
"Jan 18, 2019 00:00",0.99396,0.99591,0.99322,0.99561,+16.5
"Jan 17, 2019 00:00",0.99,0.99543,0.98935,0.99417,+41.7
"Jan 16, 2019 00:00",0.98776,0.99103,0.98731,0.99043,+26.7
"Jan 15, 2019 00:00",0.9808,0.98938,0.9802,0.98762,+68.2
"Jan 14, 2019 00:00",0.98444,0.9847,0.98003,0.98091,-35.3
"Jan 11, 2019 00:00",0.98426,0.98559,0.98135,0.98419,-0.7
"Jan 10, 2019 00:00",0.97431,0.98487,0.97163,0.98455,+102.4
"Jan 09, 2019 00:00",0.98088,0.98177,0.97324,0.97445,-64.3
"Jan 08, 2019 00:00",0.97952,0.98343,0.9788,0.98128,+17.6
"Jan 07, 2019 00:00",0.98596,0.98705,0.97876,0.97961,-63.5
"Jan 04, 2019 00:00",0.98658,0.99082,0.98528,0.98658,+0.0
"Jan 03, 2019 00:00",0.98991,0.99058,0.9846,0.9867,-32.1
"Jan 02, 2019 00:00",0.98125,0.99204,0.97964,0.98998,+87.3
,Personal Spending MoM,52 min,,,
,,,,,
0.97594,1.10477,144.577,1.37348,,
